arm,age,n,MAE,Exact,Acc1yr,Bias
quarter_OFF,0,116,0.23275862068965517,0.7758620689655172,0.9913793103448276,0.23275862068965517
quarter_OFF,1,149,0.6040268456375839,0.4563758389261745,0.959731543624161,-0.09395973154362416
quarter_OFF,2,98,0.8469387755102041,0.2653061224489796,0.8877551020408163,0.23469387755102042
quarter_OFF,3,159,0.7484276729559748,0.3584905660377358,0.9056603773584906,0.23270440251572327
quarter_OFF,4,201,0.6915422885572139,0.43283582089552236,0.9104477611940298,-0.03482587064676617
quarter_OFF,5,154,0.8831168831168831,0.33766233766233766,0.8506493506493507,-0.3116883116883117
quarter_OFF,6,73,1.3835616438356164,0.2054794520547945,0.6986301369863014,-0.7808219178082192
quarter_OFF,7,51,2.0588235294117645,0.19607843137254902,0.35294117647058826,-1.8627450980392157
quarter_OFF,8,47,2.1914893617021276,0.1276595744680851,0.23404255319148937,-2.1914893617021276
quarter_OFF,9,20,2.7,0.0,0.15,-2.6
quarter_OFF,10,18,3.4444444444444446,0.0,0.0,-3.4444444444444446
quarter_OFF,11,8,2.875,0.0,0.0,-2.875
quarter_OFF,12,5,4.4,0.0,0.0,-4.4
quarter_OFF,13,2,5.0,0.0,0.0,-5.0
quarter_OFF,15,4,9.0,0.0,0.0,-9.0
quarter_ON,0,116,0.14655172413793102,0.8620689655172413,0.9913793103448276,0.14655172413793102
quarter_ON,1,149,0.35570469798657717,0.697986577181208,0.9664429530201343,0.18120805369127516
quarter_ON,2,98,0.7346938775510204,0.3979591836734694,0.8673469387755102,0.30612244897959184
quarter_ON,3,159,0.6981132075471698,0.39622641509433965,0.9056603773584906,0.1320754716981132
quarter_ON,4,201,0.6318407960199005,0.472636815920398,0.9303482587064676,-0.024875621890547265
quarter_ON,5,154,0.8311688311688312,0.36363636363636365,0.8766233766233766,-0.2857142857142857
quarter_ON,6,73,1.36986301369863,0.2602739726027397,0.6301369863013698,-0.7671232876712328
quarter_ON,7,51,1.9607843137254901,0.13725490196078433,0.39215686274509803,-1.6470588235294117
quarter_ON,8,47,2.1914893617021276,0.14893617021276595,0.2978723404255319,-2.148936170212766
quarter_ON,9,20,2.25,0.05,0.25,-2.05
quarter_ON,10,18,3.4444444444444446,0.0,0.0,-3.4444444444444446
quarter_ON,11,8,3.0,0.0,0.0,-3.0
quarter_ON,12,5,4.6,0.0,0.0,-4.6
quarter_ON,13,2,4.5,0.0,0.0,-4.5
quarter_ON,15,4,8.75,0.0,0.0,-8.75
