arm,seed,best_epoch,val_exact,lr,epochs,still_improving,test_Exact,test_Acc1yr,test_MAE,test_MedAE,test_Bias,test_MacroExact,test_n,val_Exact,val_Acc1yr,val_MAE,val_MedAE,val_Bias,val_MacroExact,val_n
quarter_OFF,42,33,0.41629364368845123,0.01,60,False,0.36470588235294116,0.788235294117647,1.0425339366515838,1.0,-0.5701357466063348,0.20046347731537623,1105,0.41629364368845123,0.7887197851387645,0.9973142345568488,1.0,-0.567591763652641,0.21038747206073166,1117
quarter_OFF,7,38,0.42076991942703673,0.01,60,False,0.3737556561085973,0.8,1.0135746606334841,1.0,-0.47058823529411764,0.20847645437262244,1105,0.42076991942703673,0.7869292748433303,0.9803043867502238,1.0,-0.468218442256043,0.21948168545881513,1117
quarter_OFF,13,30,0.41181736794986573,0.01,60,False,0.37104072398190047,0.788235294117647,1.0479638009049774,1.0,-0.6009049773755656,0.20537418590812315,1105,0.41181736794986573,0.7743957027752909,1.0322291853178156,1.0,-0.5917636526410027,0.21378470960208149,1117
quarter_OFF,21,39,0.41808415398388543,0.01,60,False,0.36742081447963804,0.7963800904977375,1.0226244343891402,1.0,-0.39638009049773754,0.20794490648755767,1105,0.41808415398388543,0.7994628469113697,0.9713518352730528,1.0,-0.39838854073410923,0.211650556329482,1117
quarter_OFF,99,48,0.41360787824529993,0.01,60,False,0.36470588235294116,0.8027149321266969,1.0081447963800905,1.0,-0.3384615384615385,0.20157983125457118,1105,0.41360787824529993,0.8030438675022381,0.9570277529095792,1.0,-0.3375111906893465,0.21555423127884335,1117
quarter_OFF,123,5,0.41987466427931963,0.01,60,False,0.3737556561085973,0.7909502262443439,1.032579185520362,1.0,-0.5692307692307692,0.21051121026433037,1105,0.41987466427931963,0.7797672336615935,1.0125335720680393,1.0,-0.5595344673231871,0.2143996909355942,1117
quarter_OFF,256,25,0.4261414503133393,0.01,60,False,0.3665158371040724,0.7972850678733032,1.0009049773755656,1.0,-0.31312217194570136,0.2066158211865347,1105,0.4261414503133393,0.8003581020590869,0.955237242614145,1.0,-0.3303491495076097,0.22208239477003644,1117
quarter_OFF,512,47,0.41360787824529993,0.01,60,False,0.3746606334841629,0.7972850678733032,0.9918552036199095,1.0,-0.2841628959276018,0.2104125380227349,1105,0.41360787824529993,0.8093106535362579,0.946284691136974,1.0,-0.2766338406445837,0.21736504359740774,1117
quarter_OFF,1024,44,0.41897940913160253,0.01,60,False,0.38733031674208146,0.7918552036199095,0.983710407239819,1.0,-0.22171945701357465,0.21825700542776602,1105,0.41897940913160253,0.8146821844225605,0.9355416293643688,1.0,-0.23366159355416294,0.2211372505015256,1117
quarter_OFF,2048,33,0.41539838854073413,0.01,60,False,0.38099547511312215,0.7909502262443439,0.9891402714932127,1.0,-0.18733031674208145,0.21572038641772365,1105,0.41539838854073413,0.8137869292748433,0.9391226499552372,1.0,-0.20859444941808417,0.21675406684471013,1117
quarter_ON,42,55,0.4780662488809311,0.01,60,False,0.4443438914027149,0.8108597285067873,0.9013574660633484,1.0,-0.25701357466063346,0.25076606812711333,1105,0.4780662488809311,0.8191584601611459,0.8666069829901522,1.0,-0.2918531781557744,0.24410728462542652,1117
quarter_ON,7,49,0.4789615040286482,0.01,60,False,0.4479638009049774,0.8054298642533937,0.9230769230769231,1.0,-0.40542986425339367,0.25291987881868383,1105,0.4789615040286482,0.8102059086839749,0.8898836168307968,1.0,-0.4261414503133393,0.24433272376839923,1117
quarter_ON,13,33,0.4816472694717995,0.01,60,False,0.4434389140271493,0.8135746606334842,0.9203619909502262,1.0,-0.34479638009049773,0.2509114065724167,1105,0.4816472694717995,0.8111011638316921,0.8934646374216652,1.0,-0.38137869292748433,0.24707728454118016,1117
quarter_ON,21,33,0.4825425246195166,0.01,60,False,0.4497737556561086,0.8144796380090498,0.9140271493212669,1.0,-0.3927601809954751,0.25426828951146374,1105,0.4825425246195166,0.8084153983885407,0.8952551477170994,1.0,-0.40823634735899733,0.24769104681056903,1117
quarter_ON,99,44,0.477170993733214,0.01,60,False,0.4425339366515837,0.8054298642533937,0.9285067873303168,1.0,-0.4289592760180995,0.24905558076706125,1105,0.477170993733214,0.8039391226499553,0.9024171888988362,1.0,-0.4547896150402865,0.24372873024753286,1117
quarter_ON,123,42,0.4852282900626679,0.01,60,False,0.4461538461538462,0.8054298642533937,0.918552036199095,1.0,-0.40090497737556563,0.24967566834901675,1105,0.4852282900626679,0.8102059086839749,0.8880931065353626,1.0,-0.4404655326768129,0.2514964616025826,1117
quarter_ON,256,40,0.4825425246195166,0.01,60,False,0.4452488687782805,0.8045248868778281,0.9158371040723982,1.0,-0.34751131221719456,0.2514776179242124,1105,0.4825425246195166,0.8102059086839749,0.8845120859444942,1.0,-0.39033124440465533,0.24945983006836078,1117
quarter_ON,512,48,0.4816472694717995,0.01,60,False,0.43710407239819005,0.8099547511312217,0.9140271493212669,1.0,-0.3076923076923077,0.24567075854139422,1105,0.4816472694717995,0.8137869292748433,0.8746642793196061,1.0,-0.35541629364368843,0.24554831788665077,1117
quarter_ON,1024,44,0.4762757385854969,0.01,60,False,0.43800904977375565,0.8108597285067873,0.9113122171945701,1.0,-0.2524886877828054,0.24965130977625985,1105,0.4762757385854969,0.8155774395702775,0.8755595344673232,1.0,-0.2954341987466428,0.2464839244014026,1117
quarter_ON,2048,54,0.486123545210385,0.01,60,False,0.4443438914027149,0.8081447963800905,0.9158371040723982,1.0,-0.334841628959276,0.2519704226168909,1105,0.486123545210385,0.8093106535362579,0.8728737690241719,1.0,-0.37332139659803043,0.2468881558320933,1117
