n_gt,n_model,n_pairs,n_unmatched_model,n_unmatched_gt,mean_paired_px,Sample,is_held_out
4,4,2,2,2,18.250287483832537,Z01,False
2,2,1,1,1,27.669184629696762,Z02,True
3,3,1,2,2,37.91368400494023,Z03,False
2,2,1,1,1,0.12496024598746987,Z04,False
3,3,1,2,2,28.852832459724144,Z05,True
2,2,0,2,2,,Z06,False
2,2,0,2,2,,Z07,True
2,2,0,2,2,,Z08,False
5,5,3,2,2,3.2933385572618428,Z09,True
4,4,2,2,2,35.83607540190489,Z10,True
3,3,1,2,2,47.67149745782041,Z11,False
3,3,1,2,2,7.487514986405792,Z12,True
2,2,0,2,2,,Z13,False
2,2,0,2,2,,Z14,False
3,3,1,2,2,12.082036464832926,Z15,False
5,5,1,4,4,9.429595341940823,Z16,False
4,4,1,3,3,0.3754064177042315,Z17,False
3,3,1,2,2,16.138099597326736,Z18,False
5,5,1,4,4,0.25687073592524035,Z19,False
4,4,1,3,3,15.648763606401154,Z20,False
5,5,2,3,3,28.20244233258459,Z21,False
5,5,1,4,4,5.253081269180642,Z22,False
6,6,1,5,5,2.9144897649399746,Z23,False
7,7,1,6,6,5.935793929374913,Z24,False
4,4,1,3,3,20.856047173308436,Z25,False
8,8,1,7,7,13.108826993956182,Z26,True
6,6,3,3,3,15.327878245454627,Z27,True
5,5,1,4,4,0.010153886014891514,Z29,True
6,6,2,4,4,12.82825146895512,Z30,False
6,6,2,4,4,31.489885025059596,Z31,False
5,5,2,3,3,21.367115403438497,Z32,False
7,7,2,5,5,18.250910725747193,Z33,False
7,7,2,5,5,7.9683973256760625,Z34,False
7,7,2,5,5,21.13283280221128,Z35,False
7,7,2,5,5,15.805617327190323,Z36,False
8,8,5,3,3,30.36095567245807,Z37,False
6,6,2,4,4,45.067854426206154,Z38,True
7,7,3,4,4,22.93563491652507,Z39,True
8,8,3,5,5,6.855186648572548,Z40,False
9,9,4,5,5,22.780894651852076,Z41,False
6,6,2,4,4,30.059699989824637,Z42,True
7,7,4,3,3,28.61093057742593,Z43,False
