MAE,RMSE,R2,Acc1yr,Acc2yr,Bias,Exact,MedAE,Err_le_m2,Err_m1,Err_0,Err_p1,Err_ge_p2,MAE_from_pm1,MAE_from_ge2,N,rule_key,decoder,MacroExact,split
0.8263205013428827,1.368202658189369,0.7508864811386379,0.8361683079677709,0.9346463742166518,-0.135183527305282,0.4637421665174575,1.0,0.10116383169203223,0.20948970456580127,0.4637421665174575,0.1629364368845121,0.06266786034019696,0.37242614145031333,0.4538943598925694,1117,production,production  count@0.5,0.3217837977215086,val
0.8272157564905999,1.3704908974197803,0.7500525286603836,0.8334825425246195,0.9346463742166518,-0.1593554162936437,0.4655326768128917,1.0,0.10564010743061773,0.21128021486123547,0.4655326768128917,0.1566696508504924,0.06087735004476276,0.36794986571172783,0.459265890778872,1117,tuned_global,tuned global count@0.505,0.31983101630643307,val
0.7931960608773501,1.3982979806229232,0.7398068267846892,0.8299015219337511,0.9265890778871978,-0.1593554162936437,0.5174574753804835,0.0,0.11011638316920322,0.1727842435094002,0.5174574753804835,0.1396598030438675,0.05998209489704566,0.3124440465532677,0.4807520143240824,1117,per_boundary,per-boundary thresholds,0.39061644163578946,val
0.9686660698299016,1.4700836461198654,0.7124055310706225,0.7923008057296329,0.9292748433303492,-0.270367054610564,0.37690241718889883,1.0,0.1450313339301701,0.24798567591763654,0.37690241718889883,0.1674127126230976,0.06266786034019696,0.41539838854073413,0.5532676812891674,1117,argmax,argmax P(y=k),0.23421257104362686,val
0.7931960608773501,1.4021341962832055,0.7383771939648249,0.8263205013428827,0.9239033124440466,-0.08773500447627573,0.5246195165622203,0.0,0.10116383169203223,0.1647269471799463,0.5246195165622203,0.1369740376007162,0.07251566696508505,0.3017009847806625,0.4914950760966876,1117,optimal_partition,CEILING optimal partition of g,0.4399610045343062,val
0.7636526410026858,1.3283628631328124,0.7651828093372813,0.8406445837063563,0.9346463742166518,-0.07430617726051925,0.5174574753804835,0.0,0.09847806624888093,0.1575649059982095,0.5174574753804835,0.1656222023276634,0.06087735004476276,0.3231871083258729,0.4404655326768129,1117,optimal_partition_mae,optimal partition (MAE objective),0.38986038054606564,val
0.7153088630259624,1.3431080085570017,0.759940822331112,0.8263205013428827,0.9355416293643688,-0.04028648164726947,0.5863921217547001,0.0,0.09310653536257833,0.1360787824529991,0.5863921217547001,0.10384959713518353,0.08057296329453895,0.23992837958818264,0.4753804834377798,1117,per_campaign,per-campaign optimal partition,0.5562225588798271,val
0.7690241718889884,1.3831703621287732,0.7454062219958246,0.8182632050134289,0.9301700984780662,-0.06177260519247986,0.5470008952551477,0.0,0.09847806624888093,0.1566696508504924,0.5470008952551477,0.11459265890778872,0.08325872873769025,0.2712623097582811,0.4977618621307073,1117,campaign_offset,shared partition + per-campaign shift of g,0.46827792844284144,val
0.8361990950226245,1.313349488075453,0.7572065210349235,0.8316742081447964,0.9357466063348416,-0.12126696832579185,0.43710407239819005,1.0,0.09230769230769231,0.2253393665158371,0.43710407239819005,0.16923076923076924,0.0760180995475113,0.3945701357466063,0.4416289592760181,1105,production,production  count@0.5,0.27194474717325223,test
0.8371040723981901,1.3185073145271278,0.7552957643798992,0.8298642533936652,0.9357466063348416,-0.13846153846153847,0.43891402714932126,1.0,0.09411764705882353,0.22805429864253393,0.43891402714932126,0.16289592760180996,0.0760180995475113,0.3909502262443439,0.4461538461538462,1105,tuned_global,tuned global count@0.505,0.27638016024327716,test
0.8171945701357466,1.3267181296247945,0.7522385537318604,0.8235294117647058,0.9312217194570136,-0.1330316742081448,0.47149321266968325,1.0,0.10226244343891402,0.19366515837104073,0.47149321266968325,0.1583710407239819,0.07420814479638009,0.35203619909502265,0.465158371040724,1105,per_boundary,per-boundary thresholds,0.2783029919401415,test
0.9266968325791856,1.381847409247287,0.7312202305265941,0.8009049773755657,0.9330316742081448,-0.23529411764705882,0.38099547511312215,1.0,0.12760180995475112,0.248868778280543,0.38099547511312215,0.17104072398190046,0.07149321266968325,0.41990950226244345,0.5067873303167421,1105,argmax,argmax P(y=k),0.25084787490019755,test
0.8235294117647058,1.34130347894294,0.7467610513207911,0.8253393665158371,0.9285067873303168,-0.03800904977375565,0.46968325791855203,1.0,0.08868778280542987,0.18914027149321266,0.46968325791855203,0.1665158371040724,0.08597285067873303,0.3556561085972851,0.4678733031674208,1105,optimal_partition,val-optimal partition applied to test,0.28370505394587403,test
0.7945701357466063,1.286195413820908,0.7671424556410493,0.8343891402714932,0.9357466063348416,-0.04343891402714932,0.47239819004524886,1.0,0.08868778280542987,0.17918552036199095,0.47239819004524886,0.18280542986425338,0.07692307692307693,0.36199095022624433,0.432579185520362,1105,optimal_partition_mae,val-optimal partition (MAE objective),0.30671103887238155,test
0.8018099547511313,1.3553981232088932,0.7414109326867233,0.8280542986425339,0.9276018099547512,0.016289592760180997,0.4986425339366516,1.0,0.08235294117647059,0.17375565610859728,0.4986425339366516,0.15565610859728507,0.08959276018099548,0.32941176470588235,0.47239819004524886,1105,per_campaign,per-campaign partition (fitted on val),0.30770711340609347,test
0.783710407239819,1.313349488075453,0.7572065210349235,0.8352941176470589,0.9330316742081448,-0.056108597285067875,0.49592760180995477,1.0,0.08416289592760182,0.19547511312217195,0.49592760180995477,0.14389140271493212,0.08054298642533937,0.3393665158371041,0.4443438914027149,1105,campaign_offset,shared partition + per-campaign shift (fitted on val),0.3127615158059252,test
