Sample,Quality,Age,Cohort,Core,I,Year,Increment,X,Y
Z01,1,5,2025,NaN,core,,,1339,995
Z01,1,5,2025,NaN,1,2026,359.76,1253,645
Z01,1,5,2025,NaN,2,2027,67.91,1237,579
Z01,1,5,2025,NaN,3,2028,33.47,1229,547
Z01,1,5,2025,NaN,4,2029,46.57,1218,502
Z01,1,5,2025,NaN,5,2030,33.79,1210,469
Z01,1,5,2025,NaN,edge,,0.73,1210,468
Z02,1,3,2025,NaN,core,,,1679,920
Z02,1,3,2025,NaN,1,2026,384.68,1573,550
Z02,1,3,2025,NaN,2,2027,102.56,1545,451
Z02,1,3,2025,NaN,3,2028,77.01,1523,377
Z02,1,3,2025,NaN,edge,,0.00,1523,377
Z03,1,4,2025,NaN,core,,,1582,783
Z03,1,4,2025,NaN,1,2026,290.78,1569,492
Z03,1,4,2025,NaN,2,2027,94.11,1565,398
Z03,1,4,2025,NaN,3,2028,61.04,1562,337
Z03,1,4,2025,NaN,4,2029,37.05,1560,300
Z03,1,4,2025,NaN,edge,,0.01,1560,300
Z04,1,3,2025,NaN,core,,,974,974
Z04,1,3,2025,NaN,1,2026,338.34,846,661
Z04,1,3,2025,NaN,2,2027,130.54,796,540
Z04,1,3,2025,NaN,3,2028,113.84,753,435
Z04,1,3,2025,NaN,edge,,0.56,753,435
Z05,1,4,2025,NaN,core,,,1017,938
Z05,1,4,2025,NaN,1,2026,332.16,953,612
Z05,1,4,2025,NaN,2,2027,128.52,928,486
Z05,1,4,2025,NaN,3,2028,67.95,915,419
Z05,1,4,2025,NaN,4,2029,35.50,908,385
Z05,1,4,2025,NaN,edge,,0.00,908,385
Z06,1,3,2025,NaN,core,,,1182,1033
Z06,1,3,2025,NaN,1,2026,361.61,1119,676
Z06,1,3,2025,NaN,2,2027,111.69,1099,566
Z06,1,3,2025,NaN,3,2028,58.61,1089,509
Z06,1,3,2025,NaN,edge,,0.00,1089,509
Z07,1,3,2025,NaN,core,,,1179,840
Z07,1,3,2025,NaN,1,2026,419.36,1090,430
Z07,1,3,2025,NaN,2,2027,97.55,1069,335
Z07,1,3,2025,NaN,3,2028,48.52,1059,288
Z07,1,3,2025,NaN,edge,,0.25,1059,287
Z08,1,4,2025,NaN,core,,,1268,948
Z08,1,4,2025,NaN,1,2026,333.41,1105,656
Z08,1,4,2025,NaN,2,2027,98.56,1057,570
Z08,1,4,2025,NaN,3,2028,54.26,1030,523
Z08,1,4,2025,NaN,4,2029,41.83,1010,487
Z08,1,4,2025,NaN,edge,,0.29,1010,486
Z09,1,6,2025,NaN,core,,,1303,994
Z09,1,6,2025,NaN,1,2026,311.52,1285,683
Z09,1,6,2025,NaN,2,2027,81.10,1281,602
Z09,1,6,2025,NaN,3,2028,32.06,1279,570
Z09,1,6,2025,NaN,4,2029,25.07,1278,545
Z09,1,6,2025,NaN,5,2030,27.36,1276,518
Z09,1,6,2025,NaN,6,2031,29.71,1274,488
Z09,1,6,2025,NaN,edge,,0.31,1274,488
Z10,1,5,2025,NaN,core,,,957,1048
Z10,1,5,2025,NaN,1,2026,309.72,883,748
Z10,1,5,2025,NaN,2,2027,101.54,859,649
Z10,1,5,2025,NaN,3,2028,53.52,846,597
Z10,1,5,2025,NaN,4,2029,50.37,834,548
Z10,1,5,2025,NaN,5,2030,36.78,826,512
Z10,1,5,2025,NaN,edge,,0.00,826,512
Z11,1,4,2025,NaN,core,,,1319,924
Z11,1,4,2025,NaN,1,2026,388.94,1303,535
Z11,1,4,2025,NaN,2,2027,93.09,1300,442
Z11,1,4,2025,NaN,3,2028,41.01,1298,401
Z11,1,4,2025,NaN,4,2029,31.30,1297,370
Z11,1,4,2025,NaN,edge,,0.00,1297,370
Z12,1,4,2025,NaN,core,,,1363,978
Z12,1,4,2025,NaN,1,2026,351.61,1349,627
Z12,1,4,2025,NaN,2,2027,125.45,1344,501
Z12,1,4,2025,NaN,3,2028,50.84,1342,451
Z12,1,4,2025,NaN,4,2029,68.82,1339,382
Z12,1,4,2025,NaN,edge,,0.00,1339,382
Z13,1,3,2025,NaN,core,,,1166,867
Z13,1,3,2025,NaN,1,2026,418.62,1090,455
Z13,1,3,2025,NaN,2,2027,104.35,1071,353
Z13,1,3,2025,NaN,3,2028,54.62,1062,299
Z13,1,3,2025,NaN,edge,,0.00,1062,299
Z14,1,3,2025,NaN,core,,,1225,799
Z14,1,3,2025,NaN,1,2026,406.19,1130,404
Z14,1,3,2025,NaN,2,2027,74.71,1113,331
Z14,1,3,2025,NaN,3,2028,47.54,1102,285
Z14,1,3,2025,NaN,edge,,0.00,1102,285
Z15,1,4,2025,NaN,core,,,1250,886
Z15,1,4,2025,NaN,1,2026,374.46,1174,519
Z15,1,4,2025,NaN,2,2027,96.10,1154,425
Z15,1,4,2025,NaN,3,2028,56.48,1143,370
Z15,1,4,2025,NaN,4,2029,28.64,1137,342
Z15,1,4,2025,NaN,edge,,0.65,1137,341
Z16,1,6,2025,NaN,core,,,1018,982
Z16,1,6,2025,NaN,1,2026,341.05,962,645
Z16,1,6,2025,NaN,2,2027,75.73,950,570
Z16,1,6,2025,NaN,3,2028,55.13,941,516
Z16,1,6,2025,NaN,4,2029,36.39,935,480
Z16,1,6,2025,NaN,5,2030,30.58,930,450
Z16,1,6,2025,NaN,6,2031,18.74,927,431
Z16,1,6,2025,NaN,edge,,0.33,927,431
Z17,1,5,2025,NaN,core,,,902,1028
Z17,1,5,2025,NaN,1,2026,311.84,855,720
Z17,1,5,2025,NaN,2,2027,85.05,842,636
Z17,1,5,2025,NaN,3,2028,57.60,834,579
Z17,1,5,2025,NaN,4,2029,52.31,826,527
Z17,1,5,2025,NaN,5,2030,28.78,821,499
Z17,1,5,2025,NaN,edge,,0.28,821,498
Z18,1,4,2025,NaN,core,,,1158,946
Z18,1,4,2025,NaN,1,2026,370.86,1024,600
Z18,1,4,2025,NaN,2,2027,105.11,986,502
Z18,1,4,2025,NaN,3,2028,53.49,967,452
Z18,1,4,2025,NaN,4,2029,41.79,952,413
Z18,1,4,2025,NaN,edge,,0.18,952,413
Z19,1,6,2025,NaN,core,,,1126,1002
Z19,1,6,2025,NaN,1,2026,338.60,1017,682
Z19,1,6,2025,NaN,2,2027,110.29,981,577
Z19,1,6,2025,NaN,3,2028,47.18,966,533
Z19,1,6,2025,NaN,4,2029,24.77,958,509
Z19,1,6,2025,NaN,5,2030,19.83,951,490
Z19,1,6,2025,NaN,6,2031,19.07,945,472
Z19,1,6,2025,NaN,edge,,0.00,945,472
Z20,1,5,2025,NaN,core,,,1951,1003
Z20,1,5,2025,NaN,1,2026,353.51,2008,654
Z20,1,5,2025,NaN,2,2027,95.58,2023,560
Z20,1,5,2025,NaN,3,2028,45.26,2030,515
Z20,1,5,2025,NaN,4,2029,44.50,2038,471
Z20,1,5,2025,NaN,5,2030,31.13,2043,440
Z20,1,5,2025,NaN,edge,,0.11,2043,440
Z21,1,6,2025,NaN,core,,,2044,965
Z21,1,6,2025,NaN,1,2026,346.62,2124,627
Z21,1,6,2025,NaN,2,2027,101.13,2148,529
Z21,1,6,2025,NaN,3,2028,41.97,2158,488
Z21,1,6,2025,NaN,4,2029,36.13,2166,453
Z21,1,6,2025,NaN,5,2030,34.68,2174,419
Z21,1,6,2025,NaN,6,2031,25.31,2180,395
Z21,1,6,2025,NaN,edge,,0.00,2180,395
Z22,1,6,2025,NaN,core,,,1151,835
Z22,1,6,2025,NaN,1,2026,362.59,1063,483
Z22,1,6,2025,NaN,2,2027,97.74,1039,388
Z22,1,6,2025,NaN,3,2028,55.78,1026,334
Z22,1,6,2025,NaN,4,2029,33.71,1018,301
Z22,1,6,2025,NaN,5,2030,32.34,1010,270
Z22,1,6,2025,NaN,6,2031,21.91,1005,249
Z22,1,6,2025,NaN,edge,,0.00,1005,249
Z23,1,7,2025,NaN,core,,,1019,941
Z23,1,7,2025,NaN,1,2026,356.76,926,597
Z23,1,7,2025,NaN,2,2027,121.27,894,480
Z23,1,7,2025,NaN,3,2028,56.69,879,425
Z23,1,7,2025,NaN,4,2029,23.62,873,402
Z23,1,7,2025,NaN,5,2030,22.16,867,381
Z23,1,7,2025,NaN,6,2031,29.41,860,353
Z23,1,7,2025,NaN,7,2032,20.73,854,333
Z23,1,7,2025,NaN,edge,,0.00,854,333
Z24,1,8,2025,NaN,core,,,1989,968
Z24,1,8,2025,NaN,1,2026,329.87,2086,653
Z24,1,8,2025,NaN,2,2027,109.20,2118,548
Z24,1,8,2025,NaN,3,2028,41.37,2130,509
Z24,1,8,2025,NaN,4,2029,28.35,2138,482
Z24,1,8,2025,NaN,5,2030,22.55,2145,460
Z24,1,8,2025,NaN,6,2031,18.58,2150,442
Z24,1,8,2025,NaN,7,2032,18.33,2156,425
Z24,1,8,2025,NaN,8,2033,15.93,2160,410
Z24,1,8,2025,NaN,edge,,0.00,2160,410
Z25,1,5,2025,NaN,core,,,1286,879
Z25,1,5,2025,NaN,1,2026,391.39,1228,492
Z25,1,5,2025,NaN,2,2027,85.84,1216,407
Z25,1,5,2025,NaN,3,2028,66.75,1206,341
Z25,1,5,2025,NaN,4,2029,44.40,1199,297
Z25,1,5,2025,NaN,5,2030,44.55,1193,253
Z25,1,5,2025,NaN,edge,,0.38,1193,253
Z26,2,9,2025,NaN,core,,,1264,950
Z26,2,9,2025,NaN,1,2026,338.89,1188,620
Z26,2,9,2025,NaN,2,2027,111.73,1162,511
Z26,2,9,2025,NaN,3,2028,60.34,1149,452
Z26,2,9,2025,NaN,4,2029,28.28,1143,425
Z26,2,9,2025,NaN,5,2030,24.58,1137,401
Z26,2,9,2025,NaN,6,2031,29.43,1130,372
Z26,2,9,2025,NaN,7,2032,20.04,1126,352
Z26,2,9,2025,NaN,8,2033,18.49,1122,334
Z26,2,9,2025,NaN,9,2034,10.31,1119,324
Z26,2,9,2025,NaN,edge,,0.09,1119,324
Z27,1,8,2025,NaN,core,,,1257,1027
Z27,1,8,2025,NaN,1,2026,371.39,1174,665
Z27,1,8,2025,NaN,2,2027,61.61,1160,605
Z27,1,8,2025,NaN,3,2028,64.54,1145,542
Z27,1,8,2025,NaN,4,2029,49.72,1134,494
Z27,1,8,2025,NaN,5,2030,38.46,1126,456
Z27,1,8,2025,NaN,6,2031,24.36,1120,432
Z27,1,8,2025,NaN,7,2032,24.13,1115,409
Z27,1,8,2025,NaN,8,2033,22.85,1110,387
Z27,1,8,2025,NaN,edge,,0.00,1110,387
Z29,1,6,2025,NaN,core,,,1225,928
Z29,1,6,2025,NaN,1,2026,348.54,1143,589
Z29,1,6,2025,NaN,2,2027,120.54,1115,472
Z29,1,6,2025,NaN,3,2028,39.29,1106,434
Z29,1,6,2025,NaN,4,2029,38.82,1097,396
Z29,1,6,2025,NaN,5,2030,23.03,1091,374
Z29,1,6,2025,NaN,6,2031,30.17,1084,344
Z29,1,6,2025,NaN,edge,,0.00,1084,344
Z30,1,7,2025,NaN,core,,,1127,1014
Z30,1,7,2025,NaN,1,2026,333.51,1076,684
Z30,1,7,2025,NaN,2,2027,149.52,1054,536
Z30,1,7,2025,NaN,3,2028,75.24,1042,462
Z30,1,7,2025,NaN,4,2029,42.58,1036,420
Z30,1,7,2025,NaN,5,2030,33.38,1031,387
Z30,1,7,2025,NaN,6,2031,26.16,1027,361
Z30,1,7,2025,NaN,7,2032,23.17,1024,338
Z30,1,7,2025,NaN,edge,,0.00,1024,338
Z31,1,7,2025,NaN,core,,,1011,863
Z31,1,7,2025,NaN,1,2026,403.88,928,468
Z31,1,7,2025,NaN,2,2027,88.58,910,381
Z31,1,7,2025,NaN,3,2028,34.97,902,347
Z31,1,7,2025,NaN,4,2029,46.28,893,302
Z31,1,7,2025,NaN,5,2030,31.66,886,271
Z31,1,7,2025,NaN,6,2031,29.80,880,241
Z31,1,7,2025,NaN,7,2032,20.37,876,222
Z31,1,7,2025,NaN,edge,,0.00,876,222
Z32,1,7,2025,NaN,core,,,1599,876
Z32,1,7,2025,NaN,1,2026,414.89,1645,464
Z32,1,7,2025,NaN,2,2027,93.65,1655,371
Z32,1,7,2025,NaN,3,2028,56.21,1662,315
Z32,1,7,2025,NaN,4,2029,48.26,1667,267
Z32,1,7,2025,NaN,5,2030,48.48,1672,219
Z32,1,7,2025,NaN,6,2031,31.25,1676,188
Z32,1,7,2025,NaN,7,2032,31.83,1680,156
Z32,1,7,2025,NaN,edge,,0.00,1680,156
Z33,1,8,2025,NaN,core,,,1023,902
Z33,1,8,2025,NaN,1,2026,345.20,925,571
Z33,1,8,2025,NaN,2,2027,133.24,888,443
Z33,1,8,2025,NaN,3,2028,62.00,870,384
Z33,1,8,2025,NaN,4,2029,29.95,862,355
Z33,1,8,2025,NaN,5,2030,34.80,852,322
Z33,1,8,2025,NaN,6,2031,37.10,841,286
Z33,1,8,2025,NaN,7,2032,21.97,835,265
Z33,1,8,2025,NaN,8,2033,16.60,830,249
Z33,1,8,2025,NaN,edge,,0.00,830,249
Z34,1,8,2025,NaN,core,,,1265,838
Z34,1,8,2025,NaN,1,2026,336.51,1205,507
Z34,1,8,2025,NaN,2,2027,81.09,1190,427
Z34,1,8,2025,NaN,3,2028,84.20,1175,344
Z34,1,8,2025,NaN,4,2029,54.98,1165,290
Z34,1,8,2025,NaN,5,2030,25.10,1160,265
Z34,1,8,2025,NaN,6,2031,35.24,1154,231
Z34,1,8,2025,NaN,7,2032,21.52,1150,209
Z34,1,8,2025,NaN,8,2033,11.69,1148,198
Z34,1,8,2025,NaN,edge,,0.25,1148,198
Z35,1,8,2025,NaN,core,,,1728,801
Z35,1,8,2025,NaN,1,2026,311.84,1866,521
Z35,1,8,2025,NaN,2,2027,135.52,1926,400
Z35,1,8,2025,NaN,3,2028,45.62,1946,359
Z35,1,8,2025,NaN,4,2029,51.88,1969,312
Z35,1,8,2025,NaN,5,2030,20.57,1978,294
Z35,1,8,2025,NaN,6,2031,36.22,1994,262
Z35,1,8,2025,NaN,7,2032,20.35,2003,243
Z35,1,8,2025,NaN,8,2033,12.97,2009,232
Z35,1,8,2025,NaN,edge,,0.37,2009,231
Z36,1,8,2025,NaN,core,,,1085,836
Z36,1,8,2025,NaN,1,2026,327.03,973,528
Z36,1,8,2025,NaN,2,2027,118.13,932,417
Z36,1,8,2025,NaN,3,2028,53.20,914,367
Z36,1,8,2025,NaN,4,2029,59.86,894,311
Z36,1,8,2025,NaN,5,2030,50.74,876,263
Z36,1,8,2025,NaN,6,2031,18.28,870,246
Z36,1,8,2025,NaN,7,2032,18.28,864,229
Z36,1,8,2025,NaN,8,2033,18.26,857,212
Z36,1,8,2025,NaN,edge,,0.28,857,212
Z37,1,9,2025,NaN,core,,,1086,929
Z37,1,9,2025,NaN,1,2026,370.32,1005,567
Z37,1,9,2025,NaN,2,2027,103.12,982,466
Z37,1,9,2025,NaN,3,2028,110.63,958,358
Z37,1,9,2025,NaN,4,2029,60.52,945,299
Z37,1,9,2025,NaN,5,2030,35.58,937,265
Z37,1,9,2025,NaN,6,2031,30.73,931,235
Z37,1,9,2025,NaN,7,2032,37.67,923,198
Z37,1,9,2025,NaN,8,2033,26.54,917,172
Z37,1,9,2025,NaN,9,2034,18.40,913,154
Z37,1,9,2025,NaN,edge,,0.00,913,154
Z38,1,7,2025,NaN,core,,,1264,855
Z38,1,7,2025,NaN,1,2026,374.57,1206,485
Z38,1,7,2025,NaN,2,2027,110.06,1190,376
Z38,1,7,2025,NaN,3,2028,60.67,1180,316
Z38,1,7,2025,NaN,4,2029,41.59,1174,275
Z38,1,7,2025,NaN,5,2030,54.97,1166,221
Z38,1,7,2025,NaN,6,2031,36.39,1160,185
Z38,1,7,2025,NaN,7,2032,11.84,1158,173
Z38,1,7,2025,NaN,edge,,0.00,1158,173
Z39,1,8,2025,NaN,core,,,1189,971
Z39,1,8,2025,NaN,1,2026,326.66,1087,661
Z39,1,8,2025,NaN,2,2027,79.28,1062,585
Z39,1,8,2025,NaN,3,2028,83.48,1036,506
Z39,1,8,2025,NaN,4,2029,48.48,1021,460
Z39,1,8,2025,NaN,5,2030,37.53,1009,424
Z39,1,8,2025,NaN,6,2031,32.05,999,394
Z39,1,8,2025,NaN,7,2032,32.46,989,363
Z39,1,8,2025,NaN,8,2033,21.08,982,343
Z39,1,8,2025,NaN,edge,,0.11,982,343
Z40,1,9,2016,NaN,core,,,1178,906
Z40,1,9,2016,NaN,1,2017,378.22,1100,536
Z40,1,9,2016,NaN,2,2018,65.65,1087,472
Z40,1,9,2016,NaN,3,2019,37.64,1079,435
Z40,1,9,2016,NaN,4,2020,25.51,1074,410
Z40,1,9,2016,NaN,5,2021,27.47,1068,383
Z40,1,9,2016,NaN,6,2022,31.11,1062,352
Z40,1,9,2016,NaN,7,2023,35.43,1055,318
Z40,1,9,2016,NaN,8,2024,16.21,1051,302
Z40,1,9,2016,NaN,9,2025,17.13,1048,285
Z40,1,9,2016,NaN,edge,,0.30,1048,285
Z41,1,10,2025,NaN,core,,,1291,910
Z41,1,10,2025,NaN,1,2026,374.85,1151,563
Z41,1,10,2025,NaN,2,2027,139.16,1099,434
Z41,1,10,2025,NaN,3,2028,81.64,1068,358
Z41,1,10,2025,NaN,4,2029,38.07,1054,323
Z41,1,10,2025,NaN,5,2030,32.31,1042,293
Z41,1,10,2025,NaN,6,2031,32.31,1029,263
Z41,1,10,2025,NaN,7,2032,26.00,1020,239
Z41,1,10,2025,NaN,8,2033,23.58,1011,217
Z41,1,10,2025,NaN,9,2034,16.71,1005,201
Z41,1,10,2025,NaN,10,2035,14.39,999,188
Z41,1,10,2025,NaN,edge,,0.00,999,188
Z42,1,8,2025,NaN,core,,,1033,969
Z42,1,8,2025,NaN,1,2026,377.92,909,612
Z42,1,8,2025,NaN,2,2027,106.26,874,512
Z42,1,8,2025,NaN,3,2028,33.51,863,480
Z42,1,8,2025,NaN,4,2029,31.33,853,451
Z42,1,8,2025,NaN,5,2030,22.75,845,429
Z42,1,8,2025,NaN,6,2031,20.67,838,410
Z42,1,8,2025,NaN,7,2032,17.71,833,393
Z42,1,8,2025,NaN,8,2033,23.19,825,371
Z42,1,8,2025,NaN,edge,,0.11,825,371
Z43,1,8,2025,NaN,core,,,1163,896
Z43,1,8,2025,NaN,1,2026,334.49,1053,580
Z43,1,8,2025,NaN,2,2027,104.35,1019,481
Z43,1,8,2025,NaN,3,2028,59.17,999,425
Z43,1,8,2025,NaN,4,2029,40.16,986,388
Z43,1,8,2025,NaN,5,2030,25.62,978,363
Z43,1,8,2025,NaN,6,2031,25.59,970,339
Z43,1,8,2025,NaN,7,2032,17.74,964,322
Z43,1,8,2025,NaN,8,2033,15.15,959,308
Z43,1,8,2025,NaN,edge,,0.08,959,308
