age,n,MAE,Exact,Acc1yr,Bias
0,202,0.019801980198019802,0.9801980198019802,1.0,0.019801980198019802
1,103,0.3786407766990291,0.7087378640776699,0.9320388349514563,0.22330097087378642
2,93,0.5483870967741935,0.4838709677419355,0.967741935483871,0.3548387096774194
3,197,0.49746192893401014,0.6091370558375635,0.9441624365482234,0.30456852791878175
4,201,0.6666666666666666,0.527363184079602,0.8905472636815921,0.14925373134328357
5,114,1.087719298245614,0.2543859649122807,0.7368421052631579,-0.14035087719298245
6,72,1.6527777777777777,0.1527777777777778,0.5694444444444444,-0.9305555555555556
7,39,1.0769230769230769,0.2564102564102564,0.717948717948718,-0.3076923076923077
8,43,1.069767441860465,0.3953488372093023,0.6976744186046512,-0.8372093023255814
9,14,2.0,0.21428571428571427,0.5714285714285714,-1.1428571428571428
10,10,1.5,0.0,0.5,-1.5
11,7,1.8571428571428572,0.0,0.42857142857142855,-1.0
12,6,3.1666666666666665,0.0,0.0,-3.1666666666666665
14,2,5.0,0.0,0.0,-5.0
15,2,8.0,0.0,0.0,-8.0
