run,campaign,n,exact,MAE,Bias,mean_true_age
03.09_strip_a,BIAS,241,0.5269709543568465,0.6804979253112033,0.0,3.4273858921161824
03.09_strip_a,BITS1q,425,0.3552941176470588,0.9976470588235294,-0.5505882352941176,4.338823529411765
03.09_strip_a,BITS4q,439,0.5330296127562643,0.6127562642369021,0.05239179954441914,3.3963553530751707
04.09_strip_b,BIAS,241,0.4854771784232365,0.7261410788381742,-0.21161825726141079,3.4273858921161824
04.09_strip_b,BITS1q,425,0.28,1.108235294117647,-0.7082352941176471,4.338823529411765
04.09_strip_b,BITS4q,439,0.5671981776765376,0.5899772209567198,-0.06150341685649203,3.3963553530751707
06.08_attention_first,BIAS,241,0.5186721991701245,0.7302904564315352,0.0,3.4273858921161824
06.08_attention_first,BITS1q,425,0.4964705882352941,0.8164705882352942,-0.11529411764705882,3.3388235294117647
06.08_attention_first,BITS4q,439,0.5899772209567198,0.5626423690205011,-0.11617312072892938,3.3963553530751707
08.08_isolate_b,BIAS,241,0.5228215767634855,0.6970954356846473,0.024896265560165973,3.4273858921161824
08.08_isolate_b,BITS1q,425,0.32941176470588235,1.0376470588235294,-0.6564705882352941,4.338823529411765
08.08_isolate_b,BITS4q,439,0.5466970387243736,0.6309794988610479,-0.002277904328018223,3.3963553530751707
08.09_strip_a_masked,BIAS,241,0.5269709543568465,0.6804979253112033,0.0,3.4273858921161824
08.09_strip_a_masked,BITS1q,425,0.3552941176470588,0.9976470588235294,-0.5505882352941176,4.338823529411765
08.09_strip_a_masked,BITS4q,439,0.5330296127562643,0.6127562642369021,0.05239179954441914,3.3963553530751707
09.08_isolate_a,BIAS,241,0.4605809128630705,0.8174273858921162,0.03734439834024896,3.4273858921161824
09.08_isolate_a,BITS1q,425,0.3035294117647059,1.0588235294117647,-0.4376470588235294,4.338823529411765
09.08_isolate_a,BITS4q,439,0.5535307517084282,0.6309794988610479,0.0979498861047836,3.3963553530751707
09.09_wedge_b,BIAS,241,0.5186721991701245,0.7261410788381742,0.11203319502074689,3.4273858921161824
09.09_wedge_b,BITS1q,425,0.2823529411764706,1.0752941176470587,-0.548235294117647,4.338823529411765
09.09_wedge_b,BITS4q,439,0.6013667425968109,0.5535307517084282,0.09339407744874716,3.3963553530751707
11.08_radial_attention,BIAS,241,0.42323651452282157,0.9045643153526971,0.24066390041493776,3.4273858921161824
11.08_radial_attention,BITS1q,425,0.3176470588235294,1.0282352941176471,-0.2847058823529412,4.338823529411765
11.08_radial_attention,BITS4q,439,0.5125284738041003,0.6469248291571754,0.21867881548974943,3.3963553530751707
13.08_radial_attention_b,BIAS,241,0.42323651452282157,0.9045643153526971,0.24066390041493776,3.4273858921161824
13.08_radial_attention_b,BITS1q,425,0.3176470588235294,1.0282352941176471,-0.2847058823529412,4.338823529411765
13.08_radial_attention_b,BITS4q,439,0.5125284738041003,0.6469248291571754,0.21867881548974943,3.3963553530751707
15.08_radial_attention_wide_window,BIAS,241,0.47717842323651455,0.8008298755186722,0.06224066390041494,3.4273858921161824
15.08_radial_attention_wide_window,BITS1q,425,0.3176470588235294,1.0470588235294118,-0.44,4.338823529411765
15.08_radial_attention_wide_window,BITS4q,439,0.5216400911161732,0.6492027334851936,0.0888382687927107,3.3963553530751707
17.08_radial_attention_smoothness,BIAS,241,0.47717842323651455,0.8008298755186722,0.06224066390041494,3.4273858921161824
17.08_radial_attention_smoothness,BITS1q,425,0.3176470588235294,1.0470588235294118,-0.44,4.338823529411765
17.08_radial_attention_smoothness,BITS4q,439,0.5216400911161732,0.6492027334851936,0.0888382687927107,3.3963553530751707
19.08_radial_attention_radial_bins,BIAS,241,0.46473029045643155,0.7842323651452282,-0.012448132780082987,3.4273858921161824
19.08_radial_attention_radial_bins,BITS1q,425,0.30823529411764705,1.035294117647059,-0.5223529411764706,4.338823529411765
19.08_radial_attention_radial_bins,BITS4q,439,0.5079726651480638,0.6719817767653758,0.02050113895216401,3.3963553530751707
27.08_zegar_semi_weak,BIAS,241,0.5394190871369294,0.6721991701244814,-0.17427385892116182,3.4273858921161824
27.08_zegar_semi_weak,BITS1q,425,0.27294117647058824,1.0941176470588236,-0.68,4.338823529411765
27.08_zegar_semi_weak,BITS4q,439,0.5466970387243736,0.6127562642369021,-0.05239179954441914,3.3963553530751707
28.08_zegar_semi_weak_seed7,BIAS,241,0.4605809128630705,0.7883817427385892,-0.024896265560165973,3.4273858921161824
28.08_zegar_semi_weak_seed7,BITS1q,425,0.2847058823529412,1.0494117647058823,-0.4611764705882353,4.338823529411765
28.08_zegar_semi_weak_seed7,BITS4q,439,0.5398633257403189,0.6378132118451025,0.05466970387243736,3.3963553530751707
