run_a,run_b,exact_a,exact_b,only_a,only_b,p
06.08_attention_first,13.08_radial_attention_b,0.5384615384615384,0.41809954751131223,261,128,1.3969403864888779e-11
06.08_attention_first,11.08_radial_attention,0.5384615384615384,0.41809954751131223,261,128,1.3969403864888779e-11
06.08_attention_first,19.08_radial_attention_radial_bins,0.5384615384615384,0.42171945701357466,259,130,5.7773162504750406e-11
06.08_attention_first,28.08_zegar_semi_weak_seed7,0.5384615384615384,0.4244343891402715,253,127,9.728404415572467e-11
06.08_attention_first,15.08_radial_attention_wide_window,0.5384615384615384,0.4334841628959276,247,131,2.509518067509008e-09
06.08_attention_first,17.08_radial_attention_smoothness,0.5384615384615384,0.4334841628959276,247,131,2.509518067509008e-09
06.08_attention_first,09.08_isolate_a,0.5384615384615384,0.43710407239819005,237,125,4.103150310774324e-09
04.09_strip_b,06.08_attention_first,0.43891402714932126,0.5384615384615384,134,244,1.6504043987242543e-08
06.08_attention_first,27.08_zegar_semi_weak,0.5384615384615384,0.43981900452488687,242,133,1.959122810054222e-08
06.08_attention_first,08.08_isolate_b,0.5384615384615384,0.4579185520361991,229,140,4.1802731108071475e-06
06.08_attention_first,08.09_strip_a_masked,0.5384615384615384,0.4633484162895928,219,136,1.2379218276048404e-05
03.09_strip_a,06.08_attention_first,0.4633484162895928,0.5384615384615384,136,219,1.2379218276048404e-05
06.08_attention_first,09.09_wedge_b,0.5384615384615384,0.4606334841628959,249,163,2.6471209048071742e-05
03.09_strip_a,11.08_radial_attention,0.4633484162895928,0.41809954751131223,193,143,0.007422389087167441
03.09_strip_a,13.08_radial_attention_b,0.4633484162895928,0.41809954751131223,193,143,0.007422389087167441
08.09_strip_a_masked,13.08_radial_attention_b,0.4633484162895928,0.41809954751131223,193,143,0.007422389087167441
08.09_strip_a_masked,11.08_radial_attention,0.4633484162895928,0.41809954751131223,193,143,0.007422389087167441
08.09_strip_a_masked,19.08_radial_attention_radial_bins,0.4633484162895928,0.42171945701357466,174,128,0.009498603068258234
03.09_strip_a,19.08_radial_attention_radial_bins,0.4633484162895928,0.42171945701357466,174,128,0.009498603068258234
08.08_isolate_b,11.08_radial_attention,0.4579185520361991,0.41809954751131223,175,131,0.013834019799271693
08.08_isolate_b,13.08_radial_attention_b,0.4579185520361991,0.41809954751131223,175,131,0.013834019799271693
09.09_wedge_b,11.08_radial_attention,0.4606334841628959,0.41809954751131223,208,161,0.016519188444396486
09.09_wedge_b,13.08_radial_attention_b,0.4606334841628959,0.41809954751131223,208,161,0.016519188444396486
08.08_isolate_b,19.08_radial_attention_radial_bins,0.4579185520361991,0.42171945701357466,157,117,0.0183065219941889
03.09_strip_a,28.08_zegar_semi_weak_seed7,0.4633484162895928,0.4244343891402715,187,144,0.020829637575436127
08.09_strip_a_masked,28.08_zegar_semi_weak_seed7,0.4633484162895928,0.4244343891402715,187,144,0.020829637575436127
09.09_wedge_b,19.08_radial_attention_radial_bins,0.4606334841628959,0.42171945701357466,194,151,0.023607272490412307
09.09_wedge_b,28.08_zegar_semi_weak_seed7,0.4606334841628959,0.4244343891402715,180,140,0.02908687934019739
08.08_isolate_b,28.08_zegar_semi_weak_seed7,0.4579185520361991,0.4244343891402715,170,133,0.038450674180668054
03.09_strip_a,17.08_radial_attention_smoothness,0.4633484162895928,0.4334841628959276,155,122,0.05432212680734661
08.09_strip_a_masked,17.08_radial_attention_smoothness,0.4633484162895928,0.4334841628959276,155,122,0.05432212680734661
08.09_strip_a_masked,15.08_radial_attention_wide_window,0.4633484162895928,0.4334841628959276,155,122,0.05432212680734661
03.09_strip_a,15.08_radial_attention_wide_window,0.4633484162895928,0.4334841628959276,155,122,0.05432212680734661
04.09_strip_b,08.09_strip_a_masked,0.43891402714932126,0.4633484162895928,99,126,0.08280755005978573
03.09_strip_a,04.09_strip_b,0.4633484162895928,0.43891402714932126,126,99,0.08280755005978573
03.09_strip_a,09.08_isolate_a,0.4633484162895928,0.43710407239819005,168,139,0.10988309115756775
08.09_strip_a_masked,09.08_isolate_a,0.4633484162895928,0.43710407239819005,168,139,0.10988309115756775
08.08_isolate_b,17.08_radial_attention_smoothness,0.4579185520361991,0.4334841628959276,148,121,0.11274124708534099
08.08_isolate_b,15.08_radial_attention_wide_window,0.4579185520361991,0.4334841628959276,148,121,0.11274124708534099
09.09_wedge_b,15.08_radial_attention_wide_window,0.4606334841628959,0.4334841628959276,189,159,0.1199244807535126
09.09_wedge_b,17.08_radial_attention_smoothness,0.4606334841628959,0.4334841628959276,189,159,0.1199244807535126
08.09_strip_a_masked,27.08_zegar_semi_weak,0.4633484162895928,0.43981900452488687,146,120,0.1251535783620799
03.09_strip_a,27.08_zegar_semi_weak,0.4633484162895928,0.43981900452488687,146,120,0.1251535783620799
08.08_isolate_b,09.08_isolate_a,0.4579185520361991,0.43710407239819005,140,117,0.16984118326117134
09.08_isolate_a,09.09_wedge_b,0.43710407239819005,0.4606334841628959,154,180,0.17123825547729993
04.09_strip_b,09.09_wedge_b,0.43891402714932126,0.4606334841628959,132,156,0.17522161077606388
09.09_wedge_b,27.08_zegar_semi_weak,0.4606334841628959,0.43981900452488687,160,137,0.20167499664920416
08.08_isolate_b,27.08_zegar_semi_weak,0.4579185520361991,0.43981900452488687,124,104,0.20818489418414485
04.09_strip_b,08.08_isolate_b,0.43891402714932126,0.4579185520361991,122,143,0.21915218513133386
09.08_isolate_a,13.08_radial_attention_b,0.43710407239819005,0.41809954751131223,147,126,0.2260389295999423
09.08_isolate_a,11.08_radial_attention,0.43710407239819005,0.41809954751131223,147,126,0.2260389295999423
13.08_radial_attention_b,27.08_zegar_semi_weak,0.41809954751131223,0.43981900452488687,170,194,0.2279517380773736
11.08_radial_attention,27.08_zegar_semi_weak,0.41809954751131223,0.43981900452488687,170,194,0.2279517380773736
13.08_radial_attention_b,15.08_radial_attention_wide_window,0.41809954751131223,0.4334841628959276,85,102,0.2419103304442694
11.08_radial_attention,15.08_radial_attention_wide_window,0.41809954751131223,0.4334841628959276,85,102,0.2419103304442694
13.08_radial_attention_b,17.08_radial_attention_smoothness,0.41809954751131223,0.4334841628959276,85,102,0.2419103304442694
11.08_radial_attention,17.08_radial_attention_smoothness,0.41809954751131223,0.4334841628959276,85,102,0.2419103304442694
04.09_strip_b,11.08_radial_attention,0.43891402714932126,0.41809954751131223,191,168,0.24555707131738524
04.09_strip_b,13.08_radial_attention_b,0.43891402714932126,0.41809954751131223,191,168,0.24555707131738524
19.08_radial_attention_radial_bins,27.08_zegar_semi_weak,0.42171945701357466,0.43981900452488687,144,164,0.2789528239771954
04.09_strip_b,19.08_radial_attention_radial_bins,0.43891402714932126,0.42171945701357466,161,142,0.30109338860934964
09.08_isolate_a,19.08_radial_attention_radial_bins,0.43710407239819005,0.42171945701357466,143,126,0.3293018289631191
27.08_zegar_semi_weak,28.08_zegar_semi_weak_seed7,0.43981900452488687,0.4244343891402715,155,138,0.34994541307462396
04.09_strip_b,28.08_zegar_semi_weak_seed7,0.43891402714932126,0.4244343891402715,160,144,0.3896531061419354
09.08_isolate_a,28.08_zegar_semi_weak_seed7,0.43710407239819005,0.4244343891402715,161,147,0.4589042530492232
17.08_radial_attention_smoothness,19.08_radial_attention_radial_bins,0.4334841628959276,0.42171945701357466,148,135,0.4757085730971819
15.08_radial_attention_wide_window,19.08_radial_attention_radial_bins,0.4334841628959276,0.42171945701357466,148,135,0.4757085730971819
15.08_radial_attention_wide_window,28.08_zegar_semi_weak_seed7,0.4334841628959276,0.4244343891402715,157,147,0.6057978899878553
17.08_radial_attention_smoothness,28.08_zegar_semi_weak_seed7,0.4334841628959276,0.4244343891402715,157,147,0.6057978899878553
13.08_radial_attention_b,28.08_zegar_semi_weak_seed7,0.41809954751131223,0.4244343891402715,142,149,0.7251101640183897
11.08_radial_attention,28.08_zegar_semi_weak_seed7,0.41809954751131223,0.4244343891402715,142,149,0.7251101640183897
17.08_radial_attention_smoothness,27.08_zegar_semi_weak,0.4334841628959276,0.43981900452488687,146,153,0.7286638719522021
15.08_radial_attention_wide_window,27.08_zegar_semi_weak,0.4334841628959276,0.43981900452488687,146,153,0.7286638719522021
08.08_isolate_b,08.09_strip_a_masked,0.4579185520361991,0.4633484162895928,136,142,0.7643313952999439
03.09_strip_a,08.08_isolate_b,0.4633484162895928,0.4579185520361991,142,136,0.7643313952999439
04.09_strip_b,15.08_radial_attention_wide_window,0.43891402714932126,0.4334841628959276,153,147,0.7728865430906036
04.09_strip_b,17.08_radial_attention_smoothness,0.43891402714932126,0.4334841628959276,153,147,0.7728865430906036
09.08_isolate_a,15.08_radial_attention_wide_window,0.43710407239819005,0.4334841628959276,139,135,0.8562239140630018
09.08_isolate_a,17.08_radial_attention_smoothness,0.43710407239819005,0.4334841628959276,139,135,0.8562239140630018
11.08_radial_attention,19.08_radial_attention_radial_bins,0.41809954751131223,0.42171945701357466,137,141,0.8572502494932074
13.08_radial_attention_b,19.08_radial_attention_radial_bins,0.41809954751131223,0.42171945701357466,137,141,0.8572502494932074
09.08_isolate_a,27.08_zegar_semi_weak,0.43710407239819005,0.43981900452488687,137,140,0.904378157555258
03.09_strip_a,09.09_wedge_b,0.4633484162895928,0.4606334841628959,158,155,0.9100172093591095
08.09_strip_a_masked,09.09_wedge_b,0.4633484162895928,0.4606334841628959,158,155,0.9100172093591095
19.08_radial_attention_radial_bins,28.08_zegar_semi_weak_seed7,0.42171945701357466,0.4244343891402715,156,159,0.9103019650256927
08.08_isolate_b,09.09_wedge_b,0.4579185520361991,0.4606334841628959,159,162,0.911140280766067
04.09_strip_b,09.08_isolate_a,0.43891402714932126,0.43710407239819005,143,141,0.9526959210558457
04.09_strip_b,27.08_zegar_semi_weak,0.43891402714932126,0.43981900452488687,107,108,1.0
03.09_strip_a,08.09_strip_a_masked,0.4633484162895928,0.4633484162895928,0,0,1.0
11.08_radial_attention,13.08_radial_attention_b,0.41809954751131223,0.41809954751131223,0,0,1.0
15.08_radial_attention_wide_window,17.08_radial_attention_smoothness,0.4334841628959276,0.4334841628959276,0,0,1.0
