run,target_def,N,Exact,Exact_lo,Exact_hi,MacroExact,Acc1yr,MAE,MedAE,RMSE,Bias,Err_le_m2,Err_m1,Err_p1,Err_ge_p2,MAE_from_pm1,MAE_from_ge2,Exact_fish,Acc1yr_fish,MAE_fish,N_fish,photos_agree,Exact_naive_vs_recorded,pred_csv_sha,ckpt_sha,summary_best_val_mae,log_best_ema
06.08_attention_first,rings(-1 for Q1),1105,0.5384615384615384,0.5089851139698478,0.5676714616853225,0.29137734309596125,0.860633484162896,0.6968325791855203,0.0,1.235229474714565,-0.09049773755656108,0.0832579185520362,0.16380090497737557,0.1583710407239819,0.056108597285067875,0.3221719457013575,0.3746606334841629,0.5570934256055363,0.8788927335640139,0.6505190311418685,578,0.5865051903114187,0.4081447963800905,5252afdc1cf5,273268542:3fe6758877,,
03.09_strip_a,recorded,1105,0.4633484162895928,0.43412422552917906,0.4928265670817764,0.3001811055841404,0.8515837104072398,0.7755656108597285,1.0,1.2443537638440125,-0.19095022624434388,0.09230769230769231,0.23710407239819004,0.151131221719457,0.056108597285067875,0.38823529411764707,0.38733031674208146,0.4671280276816609,0.8633217993079585,0.7439446366782007,578,0.6487889273356401,0.4633484162895928,1acac4df0b14,265543566:8d30b013d2,,0.8475
08.09_strip_a_masked,recorded,1105,0.4633484162895928,0.43412422552917906,0.4928265670817764,0.3001811055841404,0.8515837104072398,0.7755656108597285,1.0,1.2443537638440125,-0.19095022624434388,0.09230769230769231,0.23710407239819004,0.151131221719457,0.056108597285067875,0.38823529411764707,0.38733031674208146,0.4671280276816609,0.8633217993079585,0.7439446366782007,578,0.6487889273356401,0.4633484162895928,1acac4df0b14,265543694:130426d0e5,,0.8475
09.09_wedge_b,recorded,1105,0.4606334841628959,0.4314308400871927,0.4901089001245742,0.3248480181851399,0.8561085972850678,0.7918552036199095,1.0,1.2984501725821953,-0.1493212669683258,0.08144796380090498,0.23891402714932128,0.15656108597285068,0.06244343891402715,0.39547511312217193,0.39638009049773754,0.4740484429065744,0.8581314878892734,0.7664359861591695,578,0.6487889273356401,0.4606334841628959,a0d13257f1fe,265211074:b0d181fc97,,0.7923
08.08_isolate_b,recorded,1105,0.4579185520361991,0.4287383274197049,0.4873903603928735,0.3139279734434976,0.8407239819004525,0.8018099547511313,1.0,1.2911112755265735,-0.24796380090497738,0.10497737556561086,0.2343891402714932,0.14841628959276018,0.05429864253393665,0.38280542986425337,0.41900452488687784,0.458477508650519,0.8598615916955017,0.7664359861591695,578,0.6038062283737025,0.4579185520361991,4a460a14b0d6,265543118:0933b2e6c4,,0.8512
27.08_zegar_semi_weak,recorded,1105,0.43981900452488687,0.4108106414868351,0.46924436366448674,0.27269101768099463,0.8497737556561086,0.8108597285067873,1.0,1.2897086555845056,-0.32036199095022627,0.10588235294117647,0.2742081447963801,0.13574660633484162,0.044343891402714934,0.4099547511312217,0.40090497737556563,0.4411764705882353,0.870242214532872,0.773356401384083,578,0.6626297577854672,0.43981900452488687,1f7f36119b6c,273354470:9122f06d22,,0.8497
04.09_strip_b,recorded,1105,0.43891402714932126,0.40991528427560237,0.4683360367426567,0.25847454193149627,0.8443438914027149,0.8190045248868778,1.0,1.3012350555081345,-0.3429864253393665,0.11221719457013575,0.27963800904977376,0.1257918552036199,0.04343891402714932,0.40542986425339367,0.41357466063348414,0.46366782006920415,0.8581314878892734,0.7629757785467128,578,0.6384083044982699,0.43891402714932126,95be425cb430,265543630:35fe33774a,,0.8629
09.08_isolate_a,recorded,1105,0.43710407239819005,0.40812486470344284,0.4665190880486905,0.27194474717325223,0.8316742081447964,0.8361990950226245,1.0,1.313349488075453,-0.12126696832579185,0.09230769230769231,0.2253393665158371,0.16923076923076924,0.0760180995475113,0.3945701357466063,0.4416289592760181,0.4411764705882353,0.842560553633218,0.8044982698961938,578,0.5986159169550173,0.43710407239819005,8aa03f061772,273268542:c1fe332e83,,0.8505
17.08_radial_attention_smoothness,recorded,1105,0.4334841628959276,0.4045452068583435,0.4628840093615386,0.29063758541026535,0.8352941176470589,0.8352941176470589,1.0,1.3198793308343764,-0.12036199095022625,0.09140271493212669,0.2244343891402715,0.17737556561085974,0.07330316742081448,0.40180995475113124,0.4334841628959276,0.4463667820069204,0.8512110726643599,0.7889273356401384,578,0.5259515570934256,0.4334841628959276,b1db4dce1523,273354214:5979404424,,0.8471
15.08_radial_attention_wide_window,recorded,1105,0.4334841628959276,0.4045452068583435,0.4628840093615386,0.29063758541026535,0.8352941176470589,0.8352941176470589,1.0,1.3198793308343764,-0.12036199095022625,0.09140271493212669,0.2244343891402715,0.17737556561085974,0.07330316742081448,0.40180995475113124,0.4334841628959276,0.4463667820069204,0.8512110726643599,0.7889273356401384,578,0.5259515570934256,0.4334841628959276,b1db4dce1523,273354214:1e55ac34b6,,0.8471
28.08_zegar_semi_weak_seed7,recorded,1105,0.4244343891402715,0.39560298015738754,0.45378939473186625,0.2786115801548246,0.8407239819004525,0.8289592760180996,1.0,1.2960084911179302,-0.16108597285067874,0.09321266968325792,0.2416289592760181,0.17466063348416289,0.0660633484162896,0.416289592760181,0.41266968325791853,0.4619377162629758,0.8529411764705882,0.7698961937716263,578,0.5519031141868512,0.4244343891402715,46beb20835e7,273354470:f2805f6c97,,0.8804
19.08_radial_attention_radial_bins,recorded,1105,0.42171945701357466,0.3929222478391864,0.4510590746508789,0.2587724311649871,0.8407239819004525,0.8361990950226245,1.0,1.3022778512321995,-0.19547511312217195,0.10135746606334842,0.23619909502262443,0.18280542986425338,0.0579185520361991,0.41900452488687784,0.4171945701357466,0.4429065743944637,0.8546712802768166,0.78719723183391,578,0.5553633217993079,0.42171945701357466,8c3843294c25,273317350:546c2f7f0e,,0.8161
13.08_radial_attention_b,recorded,1105,0.41809954751131223,0.3893493344131254,0.44741725154468864,0.28642019945404645,0.8343891402714932,0.8497737556561086,1.0,1.3226190936805373,0.02986425339366516,0.07963800904977375,0.18823529411764706,0.22805429864253393,0.08597285067873303,0.416289592760181,0.4334841628959276,0.4100346020761246,0.8391003460207612,0.8408304498269896,578,0.5380622837370242,0.41809954751131223,444a74fd44f7,273354150:77831e9285,,0.8454
11.08_radial_attention,recorded,1105,0.41809954751131223,0.3893493344131254,0.44741725154468864,0.28642019945404645,0.8343891402714932,0.8497737556561086,1.0,1.3226190936805373,0.02986425339366516,0.07963800904977375,0.18823529411764706,0.22805429864253393,0.08597285067873303,0.416289592760181,0.4334841628959276,0.4100346020761246,0.8391003460207612,0.8408304498269896,578,0.5380622837370242,0.41809954751131223,444a74fd44f7,273354150:259167dfe5,,0.8454
