age,n_train,n_val,n_test,exact,acc1yr,MAE,bias
0,588,137,202,1.0,1.0,0.0,0.0
1,664,136,103,0.46601941747572817,0.9320388349514563,0.6213592233009708,0.019417475728155338
2,448,98,93,0.5053763440860215,0.946236559139785,0.5483870967741935,0.3333333333333333
3,703,138,197,0.6446700507614214,0.9238578680203046,0.4873096446700508,0.27411167512690354
4,910,196,201,0.48756218905472637,0.8905472636815921,0.7114427860696517,0.13432835820895522
5,726,164,114,0.34210526315789475,0.7807017543859649,0.9473684210526315,-0.12280701754385964
6,384,87,72,0.1388888888888889,0.6111111111111112,1.6805555555555556,-0.9861111111111112
7,266,62,39,0.28205128205128205,0.717948717948718,1.0512820512820513,-0.5384615384615384
8,184,35,43,0.23255813953488372,0.5813953488372093,1.3488372093023255,-0.9767441860465116
9,106,22,14,0.07142857142857142,0.5714285714285714,1.8571428571428572,-1.0
10,74,22,10,0.2,0.7,1.2,-1.0
11,36,5,7,0.0,0.42857142857142855,1.8571428571428572,-0.7142857142857143
12,34,6,6,0.0,0.0,2.5,-2.5
14,9,2,2,0.0,0.0,4.0,-4.0
15,10,3,2,0.0,0.0,7.0,-7.0
